ObserPoint Name,Year,Mon,Day,Pcp(mm),Tmax(c),Tmin(c),WSpeed(m/s),RHumidity(fr),SRad(MJ/m2),SShine(hr),Cloud(1/10),Tavg(c),isFilled
Attapeu,2019,1,1,0,32.1,23.5,0.547142855,92.67428589,-99,-99,-99,-99,FALSE
Attapeu,2019,1,2,0,31,23.8,0.751666666,87.97708289,-99,-99,-99,-99,FALSE
Attapeu,2019,1,3,0,31.5,23,0.766249985,87.71500015,-99,-99,-99,-99,FALSE
Attapeu,2019,1,4,0,34.5,20.5,0.797083329,88.2708327,-99,-99,-99,-99,FALSE
Attapeu,2019,1,5,0,35,19.5,0.795833331,87.32791583,-99,-99,-99,-99,FALSE
Attapeu,2019,1,6,0,34.8,22.5,0.787083335,86.21166738,-99,-99,-99,-99,FALSE
Attapeu,2019,1,7,0,25.3,21,0.83291666,83.93875058,-99,-99,-99,-99,FALSE
Attapeu,2019,1,8,0,34.5,20,0.842083327,84.19583384,-99,-99,-99,-99,FALSE
Attapeu,2019,1,9,0,34,21,0.822499998,85.99208323,-99,-99,-99,-99,FALSE
Attapeu,2019,1,10,0,35.3,21,0.759583329,84.98500029,-99,-99,-99,-99,FALSE
Attapeu,2019,1,11,0,35.5,21,0.782916665,86.544583,-99,-99,-99,-99,FALSE
Attapeu,2019,1,12,0,33.5,21.2,0.704583341,88.03833357,-99,-99,-99,-99,FALSE
Attapeu,2019,1,13,0,34.9,22,0.750833335,88.08666643,-99,-99,-99,-99,FALSE
Attapeu,2019,1,14,0,34.2,20.2,0.745416662,87.30333328,-99,-99,-99,-99,FALSE
Attapeu,2019,1,15,0,34,19.5,1,93,-99,-99,-99,-99,FALSE
Attapeu,2019,1,16,0,33.1,21,0.602916668,86.17250061,-99,-99,-99,-99,FALSE
Attapeu,2019,1,17,0,31,24.1,1,93,-99,-99,-99,-99,FALSE
Attapeu,2019,1,18,0,33.2,21,1,93,-99,-99,-99,-99,FALSE
Attapeu,2019,1,19,0,34.2,19.9,1,85,-99,-99,-99,-99,FALSE
Attapeu,2019,1,20,0,34.8,20.5,0.80166666,79.36250067,-99,-99,-99,-99,FALSE
Attapeu,2019,1,21,0,34,23.5,1,92,-99,-99,-99,-99,FALSE
Attapeu,2019,1,22,0,32.1,22.5,1,92,-99,-99,-99,-99,FALSE
Attapeu,2019,1,23,0,32,18.5,1,75,-99,-99,-99,-99,FALSE
Attapeu,2019,1,24,0,32.5,17.8,1,75,-99,-99,-99,-99,FALSE
Attapeu,2019,1,25,0,32.5,16.5,0.812083334,85.50333405,-99,-99,-99,-99,FALSE
Attapeu,2019,1,26,0,31.6,17.6,1,85,-99,-99,-99,-99,FALSE
Attapeu,2019,1,27,0,32.2,19,0.906666661,85.40375042,-99,-99,-99,-99,FALSE
Attapeu,2019,1,28,0,33.5,17.5,1,87,-99,-99,-99,-99,FALSE
Attapeu,2019,1,29,0,34.9,19.5,1,87,-99,-99,-99,-99,FALSE
Attapeu,2019,1,30,0,34.8,20.5,1,87,-99,-99,-99,-99,FALSE
Attapeu,2019,1,31,0,35.2,20.3,1,87,-99,-99,-99,-99,FALSE
Attapeu,2019,2,1,0,34,20.4,1,77,-99,-99,-99,-99,FALSE
Attapeu,2019,2,2,0,35,20.5,1,93,-99,-99,-99,-99,FALSE
Attapeu,2019,2,3,0,36.1,22.4,1,93,-99,-99,-99,-99,FALSE
Attapeu,2019,2,4,0,36.5,22.5,1,94,-99,-99,-99,-99,FALSE
Attapeu,2019,2,5,0,36,24,2,98,-99,-99,-99,-99,FALSE
Attapeu,2019,2,6,0,35.5,25.3,2,75,-99,-99,-99,-99,FALSE
Attapeu,2019,2,7,0,36.2,23.5,2,75,-99,-99,-99,-99,FALSE
Attapeu,2019,2,8,0,36.7,24.4,0.752083328,84.42333349,-99,-99,-99,-99,FALSE
Attapeu,2019,2,9,0,36,24.5,2,75,-99,-99,-99,-99,FALSE
Attapeu,2019,2,10,0,36.8,25.3,0.922083341,85.5287501,-99,-99,-99,-99,FALSE
Attapeu,2019,2,11,0,36.5,22.5,2,89,-99,-99,-99,-99,FALSE
Attapeu,2019,2,12,0,35.5,20.7,0.841666664,87.31166681,-99,-99,-99,-99,FALSE
Attapeu,2019,2,13,0,36.1,22,1,79,-99,-99,-99,-99,FALSE
Attapeu,2019,2,14,0,36.5,22.6,0.878749994,89.02166653,-99,-99,-99,-99,FALSE
Attapeu,2019,2,15,0,36.9,22.5,1,70,-99,-99,-99,-99,FALSE
Attapeu,2019,2,16,0,35.7,20.5,3,80,-99,-99,-99,-99,FALSE
Attapeu,2019,2,17,0,34,22,3,80,-99,-99,-99,-99,FALSE
Attapeu,2019,2,18,0,34.3,23.3,3,100,-99,-99,-99,-99,FALSE
Attapeu,2019,2,19,0,35.8,22.3,3,100,-99,-99,-99,-99,FALSE
Attapeu,2019,2,20,0,36.5,24.5,3,98,-99,-99,-99,-99,FALSE
Attapeu,2019,2,21,0,37.7,24.7,3,98,-99,-99,-99,-99,FALSE
Attapeu,2019,2,22,0,37,24.3,2,98,-99,-99,-99,-99,FALSE
Attapeu,2019,2,23,0,36,24,1,67,-99,-99,-99,-99,FALSE
Attapeu,2019,2,24,0,36.9,24.7,1,69,-99,-99,-99,-99,FALSE
Attapeu,2019,2,25,5,37,25.5,1,69,-99,-99,-99,-99,FALSE
Attapeu,2019,2,26,0,36.2,24.7,0,75,-99,-99,-99,-99,FALSE
Attapeu,2019,2,27,0,38,24.1,1.2,75,-99,-99,-99,-99,FALSE
Attapeu,2019,2,28,0,35.7,23.3,1.4,70,-99,-99,-99,-99,FALSE
Attapeu,2019,3,1,0,34,23.5,1,89,-99,-99,-99,-99,FALSE
Attapeu,2019,3,2,0,35,24,2,65,-99,-99,-99,-99,FALSE
Attapeu,2019,3,3,0,36.1,24.4,1,95,-99,-99,-99,-99,FALSE
Attapeu,2019,3,4,0,36.5,25.5,1,89,-99,-99,-99,-99,FALSE
Attapeu,2019,3,5,0,36,24.9,1,85,-99,-99,-99,-99,FALSE
Attapeu,2019,3,6,0,35.5,24.7,0.936249996,88.22166634,-99,-99,-99,-99,FALSE
Attapeu,2019,3,7,0,36.2,27.5,2,56,-99,-99,-99,-99,FALSE
Attapeu,2019,3,8,0,36.7,24.5,2,98,-99,-99,-99,-99,FALSE
Attapeu,2019,3,9,0,36,24,1,90,-99,-99,-99,-99,FALSE
Attapeu,2019,3,10,0,36.8,27,0.743333336,90.54416688,-99,-99,-99,-99,FALSE
Attapeu,2019,3,11,0,36.5,26,0.75583333,89.76124986,-99,-99,-99,-99,FALSE
Attapeu,2019,3,12,7.9,35.5,26.2,0.682083335,90.65500037,-99,-99,-99,-99,FALSE
Attapeu,2019,3,13,5.7,36.1,25.4,1,98,-99,-99,-99,-99,FALSE
Attapeu,2019,3,14,0,36.5,24.3,1,81,-99,-99,-99,-99,FALSE
Attapeu,2019,3,15,0,36.9,26,1.5,80,-99,-99,-99,-99,FALSE
Attapeu,2019,3,16,0,35.7,24.7,0.777500006,89.94125017,-99,-99,-99,-99,FALSE
Attapeu,2019,3,17,0,34,25.2,1,98,-99,-99,-99,-99,FALSE
Attapeu,2019,3,18,0,34.3,25.5,1,92,-99,-99,-99,-99,FALSE
Attapeu,2019,3,19,0,35.8,22.7,2,90,-99,-99,-99,-99,FALSE
Attapeu,2019,3,20,0,36.5,23.3,2,85,-99,-99,-99,-99,FALSE
Attapeu,2019,3,21,0,37.7,25,1,87,-99,-99,-99,-99,FALSE
Attapeu,2019,3,22,0,37,27.5,2,98,-99,-99,-99,-99,FALSE
Attapeu,2019,3,23,0,36,26.5,2,94,-99,-99,-99,-99,FALSE
Attapeu,2019,3,24,0,36.9,25.7,0.835833328,93.61499977,-99,-99,-99,-99,FALSE
Attapeu,2019,3,25,0,37,26.5,1,91,-99,-99,-99,-99,FALSE
Attapeu,2019,3,26,0,36.2,26,1.018333328,90.78791587,-99,-99,-99,-99,FALSE
Attapeu,2019,3,27,0,38,26,1.027500007,90.78166739,-99,-99,-99,-99,FALSE
Attapeu,2019,3,28,0,35.7,26.3,1.056666662,90.8149999,-99,-99,-99,-99,FALSE
Attapeu,2019,3,29,0,33.5,27,1,91,-99,-99,-99,-99,FALSE
Attapeu,2019,3,30,0.4,36.9,26.5,2,99,-99,-99,-99,-99,FALSE
Attapeu,2019,3,31,6.4,29,25,0.786249994,93.8620828,-99,-99,-99,-99,FALSE
Attapeu,2019,4,1,15.1,28,24.7,1,92,-99,-99,-99,-99,FALSE
Attapeu,2019,4,2,0,35.7,24.5,1,85,-99,-99,-99,-99,FALSE
Attapeu,2019,4,3,0,35.7,25.5,2,90,-99,-99,-99,-99,FALSE
Attapeu,2019,4,4,0,29.5,25.3,1,90,-99,-99,-99,-99,FALSE
Attapeu,2019,4,5,0,36.5,25.5,1,90,-99,-99,-99,-99,FALSE
Attapeu,2019,4,6,0,35.4,25.7,1,91,-99,-99,-99,-99,FALSE
Attapeu,2019,4,7,0,37.8,26,0.778333332,89.21166643,-99,-99,-99,-99,FALSE
Attapeu,2019,4,8,0,38,26.6,1,89,-99,-99,-99,-99,FALSE
Attapeu,2019,4,9,0,38.5,27.5,0.728333328,91.52333291,-99,-99,-99,-99,FALSE
Attapeu,2019,4,10,0,38.8,27.5,1,90,-99,-99,-99,-99,FALSE
Attapeu,2019,4,11,0,39.5,27,1,80,-99,-99,-99,-99,FALSE
Attapeu,2019,4,12,0,38.5,27.5,1,91,-99,-99,-99,-99,FALSE
Attapeu,2019,4,13,0,38.5,26.5,2,92,-99,-99,-99,-99,FALSE
Attapeu,2019,4,14,0,36.6,28.7,2,85,-99,-99,-99,-99,FALSE
Attapeu,2019,4,15,0,37.5,25.5,1,94,-99,-99,-99,-99,FALSE
Attapeu,2019,4,16,0,36.9,27.7,1,50,-99,-99,-99,-99,FALSE
Attapeu,2019,4,17,7.2,37.2,27.2,1,80,-99,-99,-99,-99,FALSE
Attapeu,2019,4,18,0,37.9,26.5,2,99,-99,-99,-99,-99,FALSE
Attapeu,2019,4,19,0,38.5,28.5,0.623749999,95.91875045,-99,-99,-99,-99,FALSE
Attapeu,2019,4,20,0,37.9,28.7,0.709999997,92.65749995,-99,-99,-99,-99,FALSE
Attapeu,2019,4,21,0,38.8,29.7,0.86791666,93.50166702,-99,-99,-99,-99,FALSE
Attapeu,2019,4,22,0,39.4,27.5,2,96,-99,-99,-99,-99,FALSE
Attapeu,2019,4,23,0,40.5,26.5,3,100,-99,-99,-99,-99,FALSE
Attapeu,2019,4,24,0,41.6,27.3,2.5,95,-99,-99,-99,-99,FALSE
Attapeu,2019,4,25,0,41.5,29,1.004999995,95.17541631,-99,-99,-99,-99,FALSE
Attapeu,2019,4,26,0,39.7,26.7,2,85,-99,-99,-99,-99,FALSE
Attapeu,2019,4,27,1.7,39.4,28.5,1,87,-99,-99,-99,-99,FALSE
Attapeu,2019,4,28,31.4,39.5,26,1,85,-99,-99,-99,-99,FALSE
Attapeu,2019,4,29,0,36.1,24.5,1,96,-99,-99,-99,-99,FALSE
Attapeu,2019,4,30,0,38,27,1,98,-99,-99,-99,-99,FALSE
Attapeu,2019,5,1,0,35.2,29.3,1,90,-99,-99,-99,-99,FALSE
Attapeu,2019,5,2,33,39,26.7,1,80,-99,-99,-99,-99,FALSE
Attapeu,2019,5,3,0,36.3,25,1,89,-99,-99,-99,-99,FALSE
Attapeu,2019,5,4,0.2,37,27.9,1,90,-99,-99,-99,-99,FALSE
Attapeu,2019,5,5,0.5,35.7,21.7,0.758333325,85.97666613,-99,-99,-99,-99,FALSE
Attapeu,2019,5,6,0,34.8,25,1,91,-99,-99,-99,-99,FALSE
Attapeu,2019,5,7,0,34.5,26,2,80,-99,-99,-99,-99,FALSE
Attapeu,2019,5,8,31.5,32,26.6,1,70,-99,-99,-99,-99,FALSE
Attapeu,2019,5,9,4,32,24.7,1,75,-99,-99,-99,-99,FALSE
Attapeu,2019,5,10,21.5,32,25,1,98,-99,-99,-99,-99,FALSE
Attapeu,2019,5,11,14.5,33.5,23,0.814166665,88.19166692,-99,-99,-99,-99,FALSE
Attapeu,2019,5,12,0,33.5,25,2,90,-99,-99,-99,-99,FALSE
Attapeu,2019,5,13,0,33,27.3,1,90,-99,-99,-99,-99,FALSE
Attapeu,2019,5,14,6.7,35,26,1,60,-99,-99,-99,25.37999998,TRUE
Attapeu,2019,5,15,0,33.1,25,1,63,-99,-99,-99,26.12125007,TRUE
Attapeu,2019,5,16,0,35.8,26.8,1,69,-99,-99,-99,26.12000004,TRUE
Attapeu,2019,5,17,0,36,26.7,1,81,-99,-99,-99,26.2479167,TRUE
Attapeu,2019,5,18,0,37,27.5,1.195000005,77.75958331,-99,-99,-99,26.56749988,TRUE
Attapeu,2019,5,19,0,37.4,29,0.917500004,80.05999994,-99,-99,-99,27.03499993,TRUE
Attapeu,2019,5,20,0,37.5,28.7,1,90,-99,-99,-99,27.84374992,TRUE
Attapeu,2019,5,21,37.8,30.2,28.3,0.842083327,84.19583384,-99,-99,-99,27.48125013,TRUE
Attapeu,2019,5,22,0,30,26.2,0.822499998,85.99208323,-99,-99,-99,27.25208314,TRUE
Attapeu,2019,5,23,17.7,35.5,25,0.759583329,84.98500029,-99,-99,-99,26.94499993,TRUE
Attapeu,2019,5,24,0,34.5,25,0.782916665,86.544583,-99,-99,-99,26.4574999,TRUE
Attapeu,2019,5,25,0,34.2,26.3,0.704583341,88.03833357,-99,-99,-99,26.04916652,TRUE
Attapeu,2019,5,26,4.8,35,22.8,0.750833335,88.08666643,-99,-99,-99,26.16541664,TRUE
Attapeu,2019,5,27,5.8,31.5,25,0.745416662,87.30333328,-99,-99,-99,26.20708338,TRUE
Attapeu,2019,5,28,14.99000168,28.93000031,24.44000053,1,93,-99,-99,80,24,TRUE
Attapeu,2019,5,29,6,31,25.3,0.602916668,86.17250061,-99,-99,-99,26.42750009,TRUE
Attapeu,2019,5,30,6.489999771,30.10000038,25.10000038,1,93,-99,-99,80,26,TRUE
Attapeu,2019,5,31,0,33.3,25.5,1,93,-99,-99,90,25,FALSE
Attapeu,2019,6,1,21.2,34,26.5,1,85,-99,-99,90,27,FALSE
Attapeu,2019,6,2,0,35,24.7,0.80166666,79.36250067,-99,-99,-99,27.77208352,TRUE
Attapeu,2019,6,3,9.469999313,35.5,26.5,1,92,-99,-99,50,27,TRUE
Attapeu,2019,6,4,7.989998817,35,25.5,1,92,-99,-99,50,27,TRUE
Attapeu,2019,6,5,46.5,31.78000069,25.10000038,1,75,-99,-99,90,26,TRUE
Attapeu,2019,6,6,1.9,29.89999962,24.62000084,1,75,-99,-99,90,26,TRUE
Attapeu,2019,6,7,0,35,25.5,0.812083334,85.50333405,-99,-99,-99,26.76666665,TRUE
Attapeu,2019,6,8,6.750000477,34.5,24.36000061,1,85,-99,-99,30,27,TRUE
Attapeu,2019,6,9,0,33,26.2,0.906666661,85.40375042,-99,-99,-99,26.6366667,TRUE
Attapeu,2019,6,10,11.13999844,33.5,27.3,1,87,-99,-99,60,27,TRUE
Attapeu,2019,6,11,2.3,33.5,24.52000046,1,87,-99,-99,60,27,TRUE
Attapeu,2019,6,12,9.800000191,33.8,24.96999931,1,87,-99,-99,60,25,TRUE
Attapeu,2019,6,13,1.8,34.5,27.3,1,87,-99,-99,60,25,FALSE
Attapeu,2019,6,14,14.32999992,33.7,26.7,1,77,-99,-99,80,26,TRUE
Attapeu,2019,6,15,30.1,29.92000008,25.31999969,1,93,-99,-99,90,27,TRUE
Attapeu,2019,6,16,9.6,30.1,24.45000076,1,93,-99,-99,90,25,TRUE
Attapeu,2019,6,17,26.2,32.5,24.5,1,94,-99,-99,100,25,FALSE
Attapeu,2019,6,18,0,29.76000023,24.10000038,2,98,-99,-99,100,25,TRUE
Attapeu,2019,6,19,6.95000124,32,24.95999908,2,75,-99,-99,100,26,TRUE
Attapeu,2019,6,20,6.249998569,36.1,25.64999962,2,75,-99,-99,80,27,TRUE
Attapeu,2019,6,21,0,35.5,27.2,0.752083328,84.42333349,-99,-99,-99,28.17999999,TRUE
Attapeu,2019,6,22,101.7,31.25,25.13999939,2,75,-99,-99,50,28,TRUE
Attapeu,2019,6,23,0,34.5,24,0.922083341,85.5287501,-99,-99,-99,27.09375,TRUE
Attapeu,2019,6,24,0,29.73999977,24.44000053,2,89,-99,-99,70,27,TRUE
Attapeu,2019,6,25,8,34,27.2,0.841666664,87.31166681,-99,-99,-99,26.30916667,TRUE
Attapeu,2019,6,26,8.6,29.12999916,23.95999908,1,79,-99,-99,90,24,TRUE
Attapeu,2019,6,27,6.2,30.7,26.5,0.878749994,89.02166653,-99,-99,-99,25.44458326,TRUE
Attapeu,2019,6,28,40.5,28.42000008,23.23999977,1,70,-99,-99,100,26,TRUE
Attapeu,2019,6,29,1.6,30,25.2,3,80,-99,-99,100,26,FALSE
Attapeu,2019,6,30,31.7,28.55999947,23.40999985,3,80,-99,-99,100,26,TRUE
Attapeu,2019,7,1,14.6,26.92000008,23.21999931,3,100,-99,-99,100,25,TRUE
Attapeu,2019,7,2,76.8,24.12000084,22.25,3,100,-99,-99,100,24,TRUE
Attapeu,2019,7,3,3.8,25.07999992,21.39999962,3,98,-99,-99,100,23,TRUE
Attapeu,2019,7,4,2.7,26.76000023,22.55999947,3,98,-99,-99,100,24,TRUE
Attapeu,2019,7,5,13.9,30.7,25.3,2,98,-99,-99,90,25,FALSE
Attapeu,2019,7,6,0.4,27.81999969,23.75,1,67,-99,-99,60,24,TRUE
Attapeu,2019,7,7,17.43000221,33.3,23.65999985,1,69,-99,-99,60,26,TRUE
Attapeu,2019,7,8,26.6099968,32,25.5,1,69,-99,-99,60,26,TRUE
Attapeu,2019,7,9,5.9,32.5,25.5,0,75,-99,-99,50,26,FALSE
Attapeu,2019,7,10,8.2,32.5,26.3,1.2,75,-99,-99,85,26,FALSE
Attapeu,2019,7,11,0,32,23.29999924,1.4,70,-99,-99,80,26,TRUE
Attapeu,2019,7,12,8.350001335,34.1,24.18000031,1,89,-99,-99,50,26,TRUE
Attapeu,2019,7,13,14.0500021,34.2,26.4,2,65,-99,-99,55,26,TRUE
Attapeu,2019,7,14,16.6,30,25.8,1,95,-99,-99,60,26,FALSE
Attapeu,2019,7,15,9.220002174,33,25.3,1,89,-99,-99,60,25,TRUE
Attapeu,2019,7,16,7.2,32.5,24.5,1,85,-99,-99,60,25,FALSE
Attapeu,2019,7,17,0,31.9,25,0.936249996,88.22166634,-99,-99,-99,26.18416667,TRUE
Attapeu,2019,7,18,9.690001488,32.2,26.5,2,56,-99,-99,58,27,TRUE
Attapeu,2019,7,19,13.27999878,34,26.3,2,98,-99,-99,90,26,TRUE
Attapeu,2019,7,20,22.1099987,34,27.3,1,90,-99,-99,50,27,TRUE
Attapeu,2019,7,21,0.4,35,26,0.743333336,90.54416688,-99,-99,-99,25.49250007,TRUE
Attapeu,2019,7,22,1,28.9,24.5,0.75583333,89.76124986,-99,-99,-99,25.39958342,TRUE
Attapeu,2019,7,23,0.8,31.4,24.8,0.682083335,90.65500037,-99,-99,-99,25.2520833,TRUE
Attapeu,2019,7,24,2.5,31,23.69000053,1,98,-99,-99,80,24,TRUE
Attapeu,2019,7,25,0.2,31.2,25.3,1,81,-99,-99,65,25,FALSE
Attapeu,2019,7,26,0.1,30.5,24.3,1.5,80,-99,-99,90,24,FALSE
Attapeu,2019,7,27,46.9,30.9,24.5,0.777500006,89.94125017,-99,-99,-99,24.96833332,TRUE
Attapeu,2019,7,28,0.3,29.7,23.2,1,98,-99,-99,90,23,FALSE
Attapeu,2019,7,29,27.43999863,25.5,22.44000053,1,92,-99,-99,100,25,TRUE
Attapeu,2019,7,30,47.16999054,25.04000092,22.81999969,2,90,-99,-99,80,24,TRUE
Attapeu,2019,7,31,26.24000549,24.54000092,22.36000061,2,85,-99,-99,65,24,TRUE
Attapeu,2019,8,1,40.70000839,24.72999954,22.45999908,1,87,-99,-99,85,24,TRUE
Attapeu,2019,8,2,56.44999695,24.42000008,22.47999954,2,98,-99,-99,100,23,TRUE
Attapeu,2019,8,3,43.96999359,25.20000076,22.47999954,2,94,-99,-99,90,24,TRUE
Attapeu,2019,8,4,6.1,30.2,24.7,0.835833328,93.61499977,-99,-99,-99,23.91000001,TRUE
Attapeu,2019,8,5,23.21999741,27.11000061,23.29000092,1,91,-99,-99,70,25,TRUE
Attapeu,2019,8,6,11.8,38.8,25,1.018333328,90.78791587,-99,-99,-99,25.22541674,TRUE
Attapeu,2019,8,7,0.7,31,25.3,1.027500007,90.78166739,-99,-99,-99,25.52375007,TRUE
Attapeu,2019,8,8,5.3,30.6,25.3,1.056666662,90.8149999,-99,-99,-99,25.39499998,TRUE
Attapeu,2019,8,9,27.28000069,27.64999962,23.54999924,1,91,-99,-99,70,25,TRUE
Attapeu,2019,8,10,32.50999451,25.61000061,23.14999962,2,99,-99,-99,90,25,TRUE
Attapeu,2019,8,11,1.6,32,26.5,0.786249994,93.8620828,-99,-99,-99,24.62874993,TRUE
Attapeu,2019,8,12,15.12000179,27.22999954,23.80999947,1,92,-99,-99,80,26,TRUE
Attapeu,2019,8,13,17.77000046,27.22999954,23.85000038,1,85,-99,-99,70,25,TRUE
Attapeu,2019,8,14,17.94999886,27.70000076,23.92000008,2,90,-99,-99,85,25,TRUE
Attapeu,2019,8,15,29.33999825,27.48999977,23.47999954,1,90,-99,-99,85,25,TRUE
Attapeu,2019,8,16,31.77999496,27.19000053,23.35000038,1,90,-99,-99,85,27,TRUE
Attapeu,2019,8,17,20.98999786,27.35000038,23.20999908,1,91,-99,-99,90,26,TRUE
Attapeu,2019,8,18,0.3,33,25.2,0.778333332,89.21166643,-99,-99,-99,25.46541659,TRUE
Attapeu,2019,8,19,17.47999954,29.03000069,23.96999931,1,89,-99,-99,70,27,TRUE
Attapeu,2019,8,20,33,27.5,24,0.728333328,91.52333291,-99,-99,-99,24.6270833,TRUE
Attapeu,2019,8,21,57.7,31.7,23.29000092,1,90,-99,-99,90,24,TRUE
Attapeu,2019,8,22,33.6,27.04999924,23.42000008,1,80,-99,-99,69,18,TRUE
Attapeu,2019,8,23,7.5,29.5,24.3,1,91,-99,-99,90,24,FALSE
Attapeu,2019,8,24,10,26.29999924,23.9,2,92,-99,-99,100,23,TRUE
Attapeu,2019,8,25,13.2,31.4,23.20999908,2,85,-99,-99,80,25,TRUE
Attapeu,2019,8,26,1.6,31.4,23.32999992,1,94,-99,-99,80,25,TRUE
Attapeu,2019,8,27,0,32,23.75,1,50,-99,-99,80,26,TRUE
Attapeu,2019,8,28,16,31.4,25.7,1,80,-99,-99,-99,24.85583337,TRUE
Attapeu,2019,8,29,57.9,25.7,22.19000053,2,99,-99,-99,100,24,TRUE
Attapeu,2019,8,30,14.5,30,23.5,0.623749999,95.91875045,-99,-99,-99,22.91458329,TRUE
Attapeu,2019,8,31,4,31,24.8,0.709999997,92.65749995,-99,-99,-99,24.28791666,TRUE
Attapeu,2019,9,1,41.3,30.5,25.3,0.86791666,93.50166702,-99,-99,-99,24.16624999,TRUE
Attapeu,2019,9,2,55.5,25.9,22.44000053,2,96,-99,-99,100,25,TRUE
Attapeu,2019,9,3,54.5,26,22.25,3,100,-99,-99,90,24,TRUE
Attapeu,2019,9,4,17.5,26.5,22.37000084,2.5,95,-99,-99,95,24,TRUE
Attapeu,2019,9,5,0.8,28.3,25.5,1.004999995,95.17541631,-99,-99,-99,23.48958349,TRUE
Attapeu,2019,9,6,15,28,23,2,85,-99,-99,90,24,TRUE
Attapeu,2019,9,7,22.05999947,26.56999969,25.3,1,87,-99,-99,70,25,TRUE
Attapeu,2019,9,8,1.5,31,23.28000069,1,85,-99,-99,80,25,TRUE
Attapeu,2019,9,9,14.4,31,24.3,1,96,-99,-99,100,26,FALSE
Attapeu,2019,9,10,9.7,29.1,22.89999962,1,98,-99,-99,70,25,TRUE
Attapeu,2019,9,11,0,31.8,22.78000069,1,90,-99,-99,90,23,TRUE
Attapeu,2019,9,12,0,30.7,23.80999947,1,80,-99,-99,75,24,TRUE
Attapeu,2019,9,13,0,31.4,23.54999924,1,89,-99,-99,70,26,TRUE
Attapeu,2019,9,14,18.6,34.7,23.13999939,1,90,-99,-99,40,25,TRUE
Attapeu,2019,9,15,22.4,34,25.2,0.758333325,85.97666613,-99,-99,-99,25.52916646,TRUE
Attapeu,2019,9,16,0.8,34,23.43000031,1,91,-99,-99,60,25,TRUE
Attapeu,2019,9,17,0,30.03000069,23.59000015,2,80,-99,-99,40,25,TRUE
Attapeu,2019,9,18,10.3,31.9,23.35000038,1,70,-99,-99,50,25,TRUE
Attapeu,2019,9,19,83.4,28.2,23.15999985,1,75,-99,-99,75,25,TRUE
Attapeu,2019,9,20,54.1,29.5,22.95000076,1,98,-99,-99,100,24,TRUE
Attapeu,2019,9,21,16.8,30,23.7,0.814166665,88.19166692,-99,-99,-99,24.5108335,TRUE
Attapeu,2019,9,22,11.05000019,28.63999939,23.5,2,90,-99,-99,70,24,TRUE
Attapeu,2019,9,23,0,33.6,20.63999939,1,90,-99,-99,40,25,TRUE
Attapeu,2019,9,24,0,33.5,20.69000053,1,60,-99,-99,50,24,TRUE
Attapeu,2019,9,25,0.519999921,29.43000031,22.45000076,1,63,-99,-99,60,25,TRUE
Attapeu,2019,9,26,0,35.6,21.11000061,1,69,-99,-99,50,25,TRUE
Attapeu,2019,9,27,0,33.4,20.45000076,1,81,-99,-99,50,25,TRUE
Attapeu,2019,9,28,0,34.7,24.2,1.195000005,77.75958331,-99,-99,-99,25.06458338,TRUE
Attapeu,2019,9,29,0,34.8,24,0.917500004,80.05999994,-99,-99,-99,26.13083331,TRUE
Attapeu,2019,9,30,2.589999676,34,23.37999916,1,90,-99,-99,40,25,TRUE
Attapeu,2019,10,1,0,34.5,23.28000069,1,92,-99,-99,40,25,TRUE
Attapeu,2019,10,2,0.5,34.2,23.32999992,0.5,75,-99,-99,50,26,TRUE
Attapeu,2019,10,3,11.86000061,33.8,23.53000069,1,70,-99,-99,56,25,TRUE
Attapeu,2019,10,4,25.3,33.7,23.35000038,1,84,-99,-99,70,24,TRUE
Attapeu,2019,10,5,0,32,23.09000015,1,91,-99,-99,70,23,TRUE
Attapeu,2019,10,6,0,33,22.82999992,1,60,-99,-99,50,23,TRUE
Attapeu,2019,10,7,0,32.5,23.38999939,1,90,-99,-99,30,25,TRUE
Attapeu,2019,10,8,0,35,22.79999924,1,50,-99,-99,50,25,TRUE
Attapeu,2019,10,9,0,33.1,23.26000023,1,66,-99,-99,40,24,TRUE
Attapeu,2019,10,10,0,33,23.54999924,1,71,-99,-99,69,23,TRUE
Attapeu,2019,10,11,0,33.5,23.53000069,1,76,-99,-99,50,25,TRUE
Attapeu,2019,10,12,1,34,25.3,0.966666659,83.22791719,-99,-99,-99,25.74374986,TRUE
Attapeu,2019,10,13,0,34.5,25,1.268749997,74.86666711,-99,-99,-99,24.36916645,TRUE
Attapeu,2019,10,14,0,34.7,23,1.05666668,78.34291633,-99,-99,-99,25.2566665,TRUE
Attapeu,2019,10,15,0,34,24.2,1.0575,81.16041629,-99,-99,-99,24.84874988,TRUE
Attapeu,2019,10,16,0,31,21.53000069,2,92,-99,-99,7,24,TRUE
Attapeu,2019,10,17,0,26.5,24,1.355833337,77.98333295,-99,-99,-99,24.46333345,TRUE
Attapeu,2019,10,18,0,34.9,26.5,1.318333335,77.82541656,-99,-99,-99,24.43250004,TRUE
Attapeu,2019,10,19,0,33.5,24.6,1.381666665,78.47833411,-99,-99,-99,24.04541659,TRUE
Attapeu,2019,10,20,0,34.5,23,1.294583333,78.27333387,-99,-99,-99,24.7033333,TRUE
Attapeu,2019,10,21,0,35.5,21.85000038,1,88,-99,-99,30,24,TRUE
Attapeu,2019,10,22,0,35.3,22.27000046,1,70,-99,-99,50,24,TRUE
Attapeu,2019,10,23,0,35.1,23.92000008,1,73,-99,-99,50,25,TRUE
Attapeu,2019,10,24,0,35.8,22.14999962,1,73,-99,-99,69,26,TRUE
Attapeu,2019,10,25,0,35.5,23.7,1.113749998,77.45416689,-99,-99,-99,25.82291667,TRUE
Attapeu,2019,10,26,0,35.8,25.3,1.296250006,74.65249999,-99,-99,-99,25.53916669,TRUE
Attapeu,2019,10,27,0,35,25.5,1.151249997,76.10666688,-99,-99,-99,25.78208335,TRUE
Attapeu,2019,10,28,0,35.5,20.02000046,1,89,-99,-99,40,25,TRUE
Attapeu,2019,10,29,0,31.1,19.64999962,1,90,-99,-99,40,24,TRUE
Attapeu,2019,10,30,6.7,30,20.38999939,1,92,-99,-99,80,23,TRUE
Attapeu,2019,10,31,4.6,27.5,22.37000084,5,91,-99,-99,100,21,TRUE
Attapeu,2019,11,1,2,33.1,22.70999908,2,85,-99,-99,80,24,TRUE
Attapeu,2019,11,2,0.7,32.5,24,0.785000001,82.88041687,-99,-99,-99,24.9358333,TRUE
Attapeu,2019,11,3,0,32.2,23.7,0.98666666,81.49458377,-99,-99,-99,24.14416671,TRUE
Attapeu,2019,11,4,0,32,22.2,1.096249993,79.52874915,-99,-99,-99,23.38583334,TRUE
Attapeu,2019,11,5,0,32.5,22.7,1.14291666,78.83875068,-99,-99,-99,22.9804167,TRUE
Attapeu,2019,11,6,0,32.3,21.29000092,1,73,-99,-99,50,23,TRUE
Attapeu,2019,11,7,0,31.5,23.3,1.287499999,76.54416656,-99,-99,-99,22.48375003,TRUE
Attapeu,2019,11,8,0,31.1,22.8,1.485833327,74.93833303,-99,-99,-99,21.41541664,TRUE
Attapeu,2019,11,9,0,31,20.1,1.127499993,77.1049997,-99,-99,-99,20.70333346,TRUE
Attapeu,2019,11,10,0,30.5,19.92000008,0.861666672,87.44874986,-99,-99,-99,21.44166652,TRUE
Attapeu,2019,11,11,4.5,27.6,21.47999954,2,89,-99,-99,70,22,TRUE
Attapeu,2019,11,12,2.8,27.8,20.67000008,1,86,-99,-99,70,23,TRUE
Attapeu,2019,11,13,0,33.2,20.37999916,1,91,-99,-99,70,22,TRUE
Attapeu,2019,11,14,0,32,18.53000069,1,73,-99,-99,40,22,TRUE
Attapeu,2019,11,15,0,33.6,19.81999969,1,68,-99,-99,50,20,TRUE
Attapeu,2019,11,16,0,30,21.48999977,1,40,-99,-99,40,22,TRUE
Attapeu,2019,11,17,0,33.4,21.02000046,1,40,-99,-99,20,23,TRUE
Attapeu,2019,11,18,0,34.2,19.02000046,1,70,-99,-99,50,23,TRUE
Attapeu,2019,11,19,0,34,17.93000031,1,40,-99,-99,30,21,TRUE
Attapeu,2019,11,20,0,26.37000084,17.53000069,1,50,-99,-99,40,20,TRUE
Attapeu,2019,11,21,0,33.5,17.55999947,1,40,-99,-99,40,20,TRUE
Attapeu,2019,11,22,0,27.69000053,17.20000076,2,96,-99,-99,4,21.69833326,TRUE
Attapeu,2019,11,23,0,33,18.8,1,40,-99,-99,40,19,FALSE
Attapeu,2019,11,24,0,34,18.37999916,1,50,-99,-99,30,20,TRUE
Attapeu,2019,11,25,0,33,19.64999962,1,89,-99,-99,30,25,TRUE
Attapeu,2019,11,26,0,34.2,20.37000084,1,89,-99,-99,30,24,TRUE
Attapeu,2019,11,27,0,33.6,20.64999962,1,69,-99,-99,20,23,TRUE
Attapeu,2019,11,28,0,33.5,20.5,2,89,-99,-99,40,27,TRUE
Attapeu,2019,11,29,0,33.5,20.09000015,1,50,-99,-99,30,26,TRUE
Attapeu,2019,11,30,0,33.5,19.73999977,1,50,-99,-99,30,23,TRUE
Attapeu,2019,12,1,0,32.7,21.5,1.810416649,73.04958328,-99,-99,-99,22.14624993,TRUE
Attapeu,2019,12,2,0,32.1,17.37999916,2,89,-99,-99,30,26,TRUE
Attapeu,2019,12,3,0,30.2,15.32999992,2,78,-99,-99,30,23,TRUE
Attapeu,2019,12,4,0,29,13.78999996,1,65,-99,-99,60,20,TRUE
Attapeu,2019,12,5,0,27.5,14.22999954,2,96,-99,-99,7,18,TRUE
Attapeu,2019,12,6,0,27.7,12.92000008,1,65,-99,-99,65,20,TRUE
Attapeu,2019,12,7,0,28,19.5,2.112083331,65.32916689,-99,-99,-99,16.75708322,TRUE
Attapeu,2019,12,8,0,28,12.15999985,1,53,-99,-99,50,19,TRUE
Attapeu,2019,12,9,0,17,13.85000038,1,73,-99,-99,20,16,TRUE
Attapeu,2019,12,10,0,30,13.35000038,1,63,-99,-99,56,17,TRUE
Attapeu,2019,12,11,0,30,13.90999985,1,60,-99,-99,50,16,TRUE
Attapeu,2019,12,12,0,25.90999985,15.80000019,2,96,-99,-99,4,16,TRUE
Attapeu,2019,12,13,0,33.2,16.40999985,1,76,-99,-99,20,19,TRUE
Attapeu,2019,12,14,0,33.5,18.8,1.480416673,73.48291604,-99,-99,-99,22.24499997,TRUE
Attapeu,2019,12,15,0,34,20,1.350000006,72.77583297,-99,-99,-99,22.61708331,TRUE
Attapeu,2019,12,16,0,33.5,18.80999947,1,63,-99,-99,20,20,TRUE
Attapeu,2019,12,17,0,34.7,18.48999977,1,56,-99,-99,5,20,TRUE
Attapeu,2019,12,18,0,34,20.2,1.187083344,71.20583359,-99,-99,-99,24.79083323,TRUE
Attapeu,2019,12,19,0,35,22.5,1.341249992,72.02166637,-99,-99,-99,23.32124996,TRUE
Attapeu,2019,12,20,0,28.45000076,20.5,1,81,-99,-99,20,21,TRUE
Attapeu,2019,12,21,0,34.9,20,1.118333338,71.72374916,-99,-99,-99,23.21166658,TRUE
Attapeu,2019,12,22,0,34.8,19.05999947,1,72,-99,-99,20,20,TRUE
Attapeu,2019,12,23,0,34,18.38999939,1,74,-99,-99,20,20,TRUE
Attapeu,2019,12,24,0,35,17.27000046,1,78,-99,-99,50,20,TRUE
Attapeu,2019,12,25,0,34.5,17.79999924,1,78,-99,-99,20,20,TRUE
Attapeu,2019,12,26,0,33.1,16.88999939,1,66,-99,-99,50,19,TRUE
Attapeu,2019,12,27,0,32.3,19,2,70,-99,-99,20,19,FALSE
Attapeu,2019,12,28,0,32.7,18,1.373750006,71.38875008,-99,-99,-99,21.30416663,TRUE
Attapeu,2019,12,29,0,20,22.8,1.39625,72.73833323,-99,-99,-99,22.70791666,TRUE
Attapeu,2019,12,30,0,35.2,34,2,78,-99,-99,30,21,FALSE
Attapeu,2019,12,31,0,34.7,21.5,1.645416662,70.49291643,-99,-99,-99,22.51416659,TRUE
