"date","doy","tavg","tmax","tmin","rhum","prec","rhmin","rhmax","daily_risk"
2019-06-01,152,19.375,26.4,12.6,70.2333333333333,0,38.5,99.9,0.0191793167479974
2019-06-02,153,21.2458333333333,27.8,14.6,69.7,0,46.6,94.2,0.07323828438285
2019-06-03,154,22.4,30.7,14.6,67.1375,0,35.5,97.4,0
2019-06-04,155,23.2541666666667,30.9,15.2,69.2583333333333,0,44.4,89.9,0.102242801024322
2019-06-05,156,24.9416666666667,33.1,17.2,67.5291666666667,0,37.5,97.1,0.0020091471870435
2019-06-06,157,22.1791666666667,28.6,17.7,80.4625,14,59.5,98.2,0.221121813291663
2019-06-07,158,19.8041666666667,22.6,18.2,95.1208333333333,12,79.8,99.9,0.451691460856127
2019-06-08,159,21.125,25,17.5,81.3625,0,60.2,99.9,0.00976462446233967
2019-06-09,160,21.0291666666667,26.4,16.3,74.8666666666667,0,56.9,94,0.055942951439332
2019-06-10,161,19.6083333333333,23.1,16.4,77.7541666666667,2.5,60,99.9,0.0577182921118126
2019-06-11,162,18.8541666666667,23.1,15.6,84.7583333333333,3,66.3,99.9,0.0401303675964714
2019-06-12,163,21.2708333333333,26.6,16.9,74.3583333333333,0,49,97.5,0.0101978608827875
2019-06-13,164,22.1583333333333,28.5,17.4,72.6791666666667,0,41.4,94.6,0
2019-06-14,165,19.575,23.6,17.1,84.1125,4.5,66.9,99.8,0.411171567906353
2019-06-15,166,21.7916666666667,28.2,15.6,71.4166666666667,0,43.4,99.7,0.0416666666666667
2019-06-16,167,21.8375,27.4,15.4,66.725,0,48.6,90.2,0
2019-06-17,168,23.0166666666667,28,18.9,72.4458333333333,0,52.3,89.7,0.0560921096696309
2019-06-18,169,22.8,28.4,18.7,74.3791666666667,0,51.9,95,0.037506798176386
2019-06-19,170,23.0916666666667,29.4,17.6,78.9208333333333,0.5,54,97.7,0.225190206718263
2019-06-20,171,24.3708333333333,31.5,18.1,74.8541666666667,0,46.8,99.7,0.0545067542573499
2019-06-21,172,25.0458333333333,32,18.6,70.3458333333333,0,45.3,97.3,0
2019-06-22,173,22.7333333333333,27.1,19.5,77.5875,3,58.8,98.4,0.237632849072147
2019-06-23,174,22.2125,26.8,19.1,75.3916666666667,0.5,50.4,96.1,0.0565768439157057
2019-06-24,175,22.975,28.2,17.9,75.0625,0,54.3,95.6,0.021766856128032
2019-06-25,176,24.6833333333333,30.3,18.7,70.75,0,51.8,95.4,0.00652145439360782
2019-06-26,177,20.0208333333333,21.8,18.3,94.6916666666667,91.5,78.2,99.9,0.820595597117729
2019-06-27,178,25.3125,30.6,21.7,87.5041666666667,19.5,66.4,99.9,0.214598090106335
2019-06-28,179,25.1291666666667,29.8,20.8,80.3541666666667,0,54,99.7,0.0330795048716084
2019-06-29,180,21.3375,22,20.2,97.2375,82,89.8,99.9,0.766091441350391
2019-06-30,181,25.5,29.8,21.7,82.2041666666667,0.5,60,99.8,0.0313004914432483
2019-07-01,182,24.325,26.7,21.1,83.2958333333333,0.5,70.7,97.9,0.0342729429945898
2019-07-02,183,25.4458333333333,30.8,19.9,71.9666666666667,0,43.4,99.8,0.0110282377760864
2019-07-03,184,23.6875,29,18.9,76.7875,0,51.2,92.8,0.123877437635806
2019-07-04,185,25.6583333333333,32.1,19.2,72.6125,0,42.4,99.9,0.00864508930673102
2019-07-05,186,26.175,32.4,21,70.7875,0,43.4,93,0.0515631736613312
2019-07-06,187,25.9041666666667,32.4,19,66.2791666666667,0,41.5,98.1,0
2019-07-07,188,25.3333333333333,29.6,22.6,59.5666666666667,0,46.1,71.2,0
2019-07-08,189,23.9666666666667,28.3,20.2,67.3916666666667,1.5,50.2,98,0.0441970818545302
2019-07-09,190,23.8125,27.7,19.3,70.8333333333333,0,52.1,97.8,0.00183631640394499
2019-07-10,191,22.1791666666667,23.5,19.6,80.2833333333333,13,61.6,94.1,0.00943696480481936
2019-07-11,192,23.8458333333333,27,21.6,78.4583333333333,0,66.2,93.4,0
2019-07-12,193,25.1458333333333,29.6,20.5,68.3958333333333,0,52.3,86.7,0.0119462547068731
2019-07-13,194,23.05,26,21.3,86.4083333333333,1.5,71.4,95.6,0.185044755245245
2019-07-14,195,24.2166666666667,29.4,20.4,84.65,9,63.1,99.9,0.0217472099239933
2019-07-15,196,25.0416666666667,29.1,21,77.725,0,60.4,97.1,0.0325470015629461
2019-07-16,197,25.1625,30.8,20.2,76.8333333333333,0,56,98.3,0.00983996590699261
2019-07-17,198,25.4541666666667,30.9,20.4,73.2708333333333,0.5,49,97.7,0.158353762166123
2019-07-18,199,22.9125,25.3,21,94.6833333333333,35,79.5,99.9,0.381955002899445
2019-07-19,200,23.9125,24.7,23,98.2708333333333,69.5,92,99.9,0.998450776701449
2019-07-20,201,24.2916666666667,25.7,23.3,96.4333333333333,118,91.8,99.9,1
2019-07-21,202,24.7833333333333,27.6,23.3,96.0416666666667,17.5,83.7,99.9,0.501576962543927
2019-07-22,203,27.1166666666667,32.4,23.3,87.3708333333333,0,67.6,99.9,0.0675737201487414
2019-07-23,204,28.2708333333333,32.7,25.2,82.4083333333333,0,61.1,99.6,0.0143804450314661
2019-07-24,205,26.5916666666667,28.6,25.2,87.425,0,78.5,94.5,0.0824713361264141
2019-07-25,206,26.6208333333333,28.6,25.2,94.3416666666667,1.5,85.2,99.9,0.213203536385048
2019-07-26,207,27.5125,30.9,25.6,89.1583333333333,0,73.6,99.9,0.0661262458425039
2019-07-27,208,26.7625,28.6,26,95.2916666666667,5.5,85.1,99.9,0.249698235934985
2019-07-28,209,27.7708333333333,31.3,25.8,88.0708333333333,3,72.7,99.9,0.0996426365394644
2019-07-29,210,28.6166666666667,33.5,24.5,79.6791666666667,0,59.9,99.9,0.0115260744489237
2019-07-30,211,28.8583333333333,33.6,25.6,80.7291666666667,0,63.4,94.7,0.0152699419440826
