"date","daily_risk","lambda","daily_hazard","predicted_severity"
2019-06-01,0.0191793167479974,0,0,2.57820455807156
2019-06-02,0.07323828438285,0,0,2.57820455807156
2019-06-03,0,0,0,2.57820455807156
2019-06-04,0.102242801024322,0,0,2.57820455807156
2019-06-05,0.0020091471870435,0,0,2.57820455807156
2019-06-06,0.221121813291663,0,0,2.57820455807156
2019-06-07,0.451691460856127,0,0,2.57820455807156
2019-06-08,0.00976462446233967,0.000575470592109535,0.000575305040666496,2.63425180806008
2019-06-09,0.055942951439332,0.00420384230494605,0.00419501852880177,3.04270292579591
2019-06-10,0.0577182921118126,0,0,3.04270292579591
2019-06-11,0.0401303675964714,0.00689745610916521,0.00687372325556412,3.70916055349151
2019-06-12,0.0101978608827875,2.02227343501692e-05,2.02225298721048e-05,3.71110779786863
2019-06-13,0,0.0216706088516836,0.0214374881997969,5.77529978822333
2019-06-14,0.411171567906353,0.0625552578673434,0.0606388457147393,11.4889768468828
2019-06-15,0.0416666666666667,0.000211304719847093,0.000211282396577195,11.5076776679781
2019-06-16,0,0.00281847246862709,0.00281450430402852,11.7567396900551
2019-06-17,0.0560921096696309,0.00295223299301819,0.00294787943848518,12.0168701827076
2019-06-18,0.037506798176386,0.00172145193271822,0.0017199710841983,12.1681986218907
2019-06-19,0.225190206718263,0.000225366996677924,0.000225341603444007,12.1879907808466
2019-06-20,0.0545067542573499,0,0,12.1879907808466
2019-06-21,0,0.0544105814199828,0.0529568116710751,16.838234815524
2019-06-22,0.237632849072147,0.0018201593804049,0.00181850389488802,16.9894648094177
2019-06-23,0.0565768439157057,0,0,16.9894648094177
2019-06-24,0.021766856128032,0.00282963256518093,0.00282563292834426,17.2240221110517
2019-06-25,0.00652145439360782,0.0015570987121949,0.0015558870629625,17.3528121841732
2019-06-26,0.820595597117729,0.0222649811863354,0.0220189458662449,19.1726161386873
2019-06-27,0.214598090106335,0.00271175505308861,0.00270808156663671,19.3915032870016
2019-06-28,0.0330795048716084,0,0,19.3915032870016
2019-06-29,0.766091441350391,0.0241149931649169,0.0238265499710444,21.3121256620246
2019-06-30,0.0313004914432483,0.00286599980994927,0.00286189675321658,21.5373222341099
2019-07-01,0.0342729429945898,0.000694376149620461,0.000694135126292017,21.5917859348502
2019-07-02,0.0110282377760864,0.000116071230285117,0.000116064494280477,21.6008863445631
2019-07-03,0.123877437635806,0.151733031730703,0.140782366030565,32.6380990596747
2019-07-04,0.00864508930673102,0.0207285488656444,0.0205151892513344,34.0200412057951
2019-07-05,0.0515631736613312,0.00129227615228422,0.00129144152301985,34.1052504642691
2019-07-06,0,0.137019047827954,0.128046382848556,42.542834791031
2019-07-07,0,0.00119048669158407,0.0011897783434236,42.6111960818712
2019-07-08,0.0441970818545302,0.00136207074390211,0.00136114354656369,42.6893104819693
2019-07-09,0.00183631640394499,0.000253131605985494,0.000253099570883597,42.7038157928934
2019-07-10,0.00943696480481936,0.00917075991819798,0.00912883675310061,43.2268633050957
2019-07-11,0,0.000176367823711562,0.000176352271821223,43.2368753767302
2019-07-12,0.0119462547068731,0.00249727890413853,0.00249416329722874,43.3784518788016
2019-07-13,0.185044755245245,0,0,43.3784518788016
2019-07-14,0.0217472099239933,0,0,43.3784518788016
2019-07-15,0.0325470015629461,0.00198659963120631,0.00198462764822205,43.4908245686881
2019-07-16,0.00983996590699261,1.76955240412184e-05,1.76953674763114e-05,43.4918245193131
2019-07-17,0.158353762166123,0.000200867471448266,0.000200847298928442,43.5031740337258
2019-07-18,0.381955002899445,0,0,43.5031740337258
2019-07-19,0.998450776701449,0.000285025545638619,0.000284984929716736,43.519274777703
2019-07-20,1,0.0166366717717304,0.0164990466130364,44.4511528958838
2019-07-21,0.501576962543927,0.000693446209344161,0.000693205831087895,44.4896596806066
2019-07-22,0.0675737201487414,0.00126152293761528,0.00126072755205509,44.5596430960712
2019-07-23,0.0143804450314661,0.000213728923701591,0.000213706085302245,44.5714910377129
2019-07-24,0.0824713361264141,0.013202840313961,0.0131160651305487,45.2984949713514
2019-07-25,0.213203536385048,0.0487725023454567,0.0476022266857655,47.9024084137777
2019-07-26,0.0661262458425039,0.203013234061088,0.183732561179021,57.4744323471729
2019-07-27,0.249698235934985,0.20348091210837,0.184114222286651,65.3039941628715
2019-07-28,0.0996426365394644,0.0730777887172208,0.0704714796178287,67.7490730310428
2019-07-29,0.0115260744489237,0.0037304455256595,0.00372349605797218,67.8691592304777
2019-07-30,0.0152699419440826,0.000375332801207494,0.000375262372663276,67.8812167260205
