"date","temp","rh","rain","wind","N","D","I","Risk","risk_3day_avg","spray"
2019-03-01,28.75,89,0,1,0.188165626832731,0.126599019806343,0.997794165561585,0.0237690374480852,0,0
2019-03-02,29.5,65,0,2,0.225312851161508,0.152411919774176,0.810582804947976,0.0278357087323764,0,0
2019-03-03,30.25,95,0,1,0.276614614876113,0.126599019806343,0.979712674422486,0.0343086944309084,0.0286378135371233,0
2019-03-04,31,89,0,1,0.334345244518799,0.126599019806343,0.961701264220614,0.0407066797617207,0.0342836943083351,0
2019-03-05,30.45,85,0,1,0.333114779484824,0.126599019806343,0.975083853434813,0.0411212407190759,0.0387122049705683,0
2019-03-06,30.1,88.22166634,0,0.936249996,0.343307947525476,0.124927042007671,0.982332639869778,0.0421307207544243,0.041319547078407,0
2019-03-07,31.85,56,0,2,0.29675841007377,0.152411919774176,0.215826363529562,0.00976172260747397,0.0310045613603247,0
2019-03-08,30.6,98,0,2,0.297454026148268,0.152411919774176,0.972225013425377,0.0440763451780206,0.031989596179973,0
2019-03-09,30,90,0,1,0.298068761236102,0.126599019806343,0.984152200420497,0.0371371929145504,0.030325086900015,0
2019-03-10,31.9,90.54416688,0,0.743333336,0.295286154029661,0.119847873773019,0.930205130229948,0.032919417914406,0.0380443186689923,0
2019-03-11,31.25,89.76124986,0,0.75583333,0.339787829215424,0.120177868784025,0.954184228111474,0.0389640911555054,0.0363402339948206,0
2019-03-12,30.85,90.65500037,7.9,0.682083335,0.339438519003991,0.438132032940344,0.965988884342349,0.143660793075986,0.0718481007152993,0
2019-03-13,30.75,98,5.7,1,0.338558474224165,0.372467938751187,0.968580341153256,0.122140089658561,0.101588324630018,0
2019-03-14,30.4,81,0,1,0.341209554147389,0.126599019806343,0.974904180712673,0.0421127361399065,0.102637872958151,0
2019-03-15,31.45,80,0,1.5,0.340635812989391,0.13960226635021,0.945285654659862,0.0449516711490941,0.0697348323158538,0
2019-03-16,30.2,89.94125017,0,0.777500006,0.341536512537222,0.120749567593344,0.980576556604561,0.0404393558991258,0.0425012543960422,0
2019-03-17,29.6,98,0,1,0.342853793851821,0.126599019806343,0.990194532129517,0.0429793483543208,0.0427901251341802,0
2019-03-18,29.9,92,0,1,0.343519358905279,0.126599019806343,0.985838387594232,0.0428733367276856,0.0420973469937107,0
2019-03-19,29.25,90,0,2,0.346422049051263,0.152411919774176,0.994033779918638,0.0524838399915606,0.0461121750245223,0
2019-03-20,29.9,85,0,2,0.346695008018411,0.152411919774176,0.985360169873685,0.0520668765108179,0.049141351076688,0
2019-03-21,31.35,87,0,1,0.344282558071533,0.126599019806343,0.950754972677211,0.0414394487829391,0.0486633884284392,0
2019-03-22,32.25,98,0,2,0.33994476091082,0.152411919774176,0.914357662210116,0.0473743641990115,0.0469602298309228,0
2019-03-23,31.25,94,0,2,0.337635814028467,0.152411919774176,0.954275256735342,0.0491067399962126,0.0459735176593877,0
2019-03-24,31.3,93.61499977,0,0.835833328,0.335752558689678,0.122286909984437,0.952655567816246,0.0391142684583898,0.0451984575512046,0
2019-03-25,31.75,91,0,1,0.334899605671722,0.126599019806343,0.936364679885531,0.0396999539394904,0.0426403207980309,0
2019-03-26,31.1,90.78791587,0,1.018333328,0.33752902917189,0.127079258128099,0.958850948495085,0.0411279348832308,0.0399807190937037,0
2019-03-27,32,90.78166739,0,1.027500007,0.335821609580947,0.127319278650715,0.925893567763376,0.0395880285938654,0.0401386391388622,0
2019-03-28,31,90.8149999,0,1.056666662,0.336395121395026,0.128082540001053,0.961768523036136,0.0414390871161967,0.0407183501977643,0
2019-03-29,30.25,91,0,1,0.338987334945725,0.126599019806343,0.979650088474467,0.0420421384286824,0.0410230847129148,0
2019-03-30,31.7,99,0.4,2,0.337746945590232,0.172842798576357,0.938414443489854,0.0547819394150338,0.0460877216533043,0
2019-03-31,27,93.8620828,6.4,0.786249994,0.341979727136523,0.391065162004683,0.996706831879037,0.133295941086175,0.0767066729766303,0
2019-04-01,26.35,92,15.1,1,0.343752603561465,0.636203457087557,0.991315875345844,0.216797406278242,0.134958428926484,0
2019-04-02,30.1,85,0,1,0.343896332711258,0.126599019806343,0.981996195945875,0.0427531081239178,0.130948818496112,0
2019-04-03,30.6,90,0,2,0.345861668333876,0.152411919774176,0.972115929319391,0.0512435755366677,0.103598029979609,0
2019-04-04,27.4,90,0,1,0.346017534285332,0.126599019806343,0.998666566832294,0.0437470689954695,0.045914584218685,0
2019-04-05,31,90,0,1,0.344224216234258,0.126599019806343,0.961742781517393,0.041911258148483,0.0456339675602068,0
2019-04-06,30.55,91,0,1,0.343704101767689,0.126599019806343,0.973305293957513,0.0423510462573387,0.0426697911337638,0
2019-04-07,31.9,89.21166643,0,0.778333332,0.341133801524904,0.12077154838596,0.930157218373597,0.0383217866780094,0.0408613636946104,0
2019-04-08,32.3,89,0,1,0.335960065617482,0.126599019806343,0.911745086575102,0.0387785380485435,0.0398171236612972,0
2019-04-09,33,91.52333291,0,0.728333328,0.330563191340192,0.119451715976114,0.871291032127613,0.0344040943205051,0.0371681396823527,0
2019-04-10,33.15,90,0,1,0.324006065579892,0.126599019806343,0.860911843004071,0.0353136140214962,0.036165415463515,0
2019-04-11,33.25,80,0,1,0.319458544209039,0.126599019806343,0.851635365542998,0.0344428070960426,0.0347201718126813,0
2019-04-12,33,91,0,1,0.317170253721804,0.126599019806343,0.871279459339086,0.034984870310572,0.0349137638093703,0
2019-04-13,32.5,92,0,2,0.318950198646623,0.152411919774176,0.901426298561346,0.0438199658369236,0.0377492144145127,0
2019-04-14,32.65,85,0,2,0.320789632235753,0.152411919774176,0.892602686292778,0.0436412766507729,0.0408153709327562,0
2019-04-15,31.5,94,0,1,0.326304003708548,0.126599019806343,0.945829419725321,0.0390719929774479,0.0421777451550482,0
2019-04-16,32.3,50,0,1,0.276790667021605,0.126599019806343,0.0432475100677637,0.00151545447287368,0.0280762413670315,0
2019-04-17,32.2,80,7.2,1,0.277492575463282,0.424755732677753,0.916788316040882,0.108058687080114,0.0495487115101452,0
2019-04-18,32.2,99,0,2,0.278766608704647,0.152411919774176,0.916780712427443,0.0389515866707547,0.0495085760745808,0
2019-04-19,33.5,95.91875045,0,0.623749999,0.272904408594845,0.116684657296224,0.834100478357201,0.026560893272956,0.0578570556746082,0
2019-04-20,33.3,92.65749995,0,0.709999997,0.320567329453881,0.118967281274225,0.849943694629433,0.0324143227836479,0.0326422675757862,0
2019-04-21,34.25,93.50166702,0,0.86791666,0.311542953078301,0.123131302369462,0.759413090275187,0.0291316098012339,0.0293689419526126,0
2019-04-22,33.45,96,0,2,0.307176074385122,0.152411919774176,0.838201813119901,0.0392423417268138,0.0335960914372319,0
2019-04-23,33.5,100,0,3,0.307200204469483,0.177461933255895,0.834112788466711,0.0454727781942336,0.0379489099074271,0
2019-04-24,34.45,95,0,2.5,0.300589919266251,0.165030862304302,0.7341385001648,0.0364181248892992,0.0403777482701156,0
2019-04-25,35.25,95.17541631,0,1.004999995,0.290921826726962,0.126730019997111,0.591495156943773,0.0218075562990549,0.0345661531275293,0
2019-04-26,33.2,85,0,2,0.292097899083415,0.152411919774176,0.856947381531797,0.0381506132058482,0.0321254314647341,0
2019-04-27,33.95,87,1.7,1,0.289877907818937,0.208606937086814,0.792635543302829,0.0479311012918511,0.0359630902655847,0
2019-04-28,32.75,85,31.4,1,0.298392636795005,0.858656264608414,0.887205853819916,0.227316962205528,0.104466225567742,0
2019-04-29,30.3,96,0,1,0.320685261251677,0.126599019806343,0.978732335944747,0.0397350057632283,0.104994356420202,0
2019-04-30,32.5,98,0,1,0.323246988435483,0.126599019806343,0.901477258550603,0.0368909301873016,0.101314299385353,0
2019-05-01,32.25,90,0,1,0.330343279373096,0.126599019806343,0.914255070848285,0.0382351850790521,0.038287040343194,0
2019-05-02,32.85,80,33,1,0.32980071981976,0.871182746129008,0.881065301586191,0.25314477208856,0.109423629118304,0
2019-05-03,30.65,89,0,1,0.329483450882509,0.126599019806343,0.970885977724795,0.0404978696190479,0.11062594226222,0
2019-05-04,32.45,90,0.2,1,0.329594711241207,0.136671935315927,0.904059244581233,0.0407245664898954,0.111455736065834,0
2019-05-05,28.7,85.97666613,0.5,0.758333325,0.334580788557843,0.145080541780414,0.998228586252796,0.048455175591488,0.0432258705668104,0
2019-05-06,29.9,91,0,1,0.340917428406449,0.126599019806343,0.985815029801129,0.0425475916203002,0.0439091112338945,0
2019-05-07,30.25,80,0,2,0.341311744158881,0.152411919774176,0.977317125279344,0.050840015520955,0.0472809275775811,0
2019-05-08,29.3,70,31.5,1,0.343756421782875,0.859473685461709,0.993659413850645,0.293576275097311,0.128987960746189,0
2019-05-09,28.35,75,4,1,0.343256716167684,0.307440078663182,0.999566148707558,0.105485087115126,0.149967125911131,0
2019-05-10,28.5,98,21.5,1,0.344093850189838,0.749014601702939,0.999106845923304,0.257501124370875,0.218854162194438,0
2019-05-11,28.25,88.19166692,14.5,0.814166665,0.345443015133082,0.618140204615238,0.999779911820311,0.213485220140531,0.192157143875511,0
2019-05-12,29.25,90,0,2,0.348258929780052,0.152411919774176,0.994033779918638,0.052762132191833,0.174582825567746,0
2019-05-13,30.15,90,0,1,0.347806013808335,0.126599019806343,0.981511709129474,0.0432178258481382,0.103155059393501,0
2019-05-14,25.37999998,60,6.7,1,0.316571730922305,0.407829403387652,0.979056982170915,0.126403364500224,0.074127774180065,0
2019-05-15,26.12125007,63,0,1,0.299719021288322,0.126599019806343,0.703031060995041,0.0266759050041975,0.0654323651175198,0
2019-05-16,26.12000004,69,0,1,0.296303628230062,0.126599019806343,0.926576910355837,0.0347575203968691,0.0626122633004301,0
2019-05-17,26.2479167,81,0,1,0.29696903568334,0.126599019806343,0.988440384104955,0.0371613936402724,0.0328649396804463,0
2019-05-18,26.56749988,77.75958331,0,1.195000005,0.325963884248685,0.131693499788344,0.988586533821795,0.0424373751524843,0.0381187630632086,0
2019-05-19,27.03499993,80.05999994,0,0.917500004,0.343306934179779,0.124434675213698,0.994506724420866,0.0424846180380421,0.0406944622769329,0
2019-05-20,27.84374992,90,0,1,0.347668823634047,0.126599019806343,0.999792571658638,0.044005402427866,0.0429757985394641,0
2019-05-21,27.48125013,84.19583384,37.8,0.842083327,0.34826551158432,0.900252697356891,0.999091504967728,0.313242128508886,0.133244049658265,0
2019-05-22,27.25208314,85.99208323,0,0.822499998,0.348807458125822,0.121935754609827,0.997724216073189,0.0424353067491429,0.133227612561965,0
2019-05-23,26.94499993,84.98500029,17.7,0.759583329,0.348877916055254,0.680814196707969,0.996344763610297,0.236652842626275,0.197443425961435,0
2019-05-24,26.4574999,86.544583,0,0.782916665,0.348406418528103,0.12089243397819,0.992026168921307,0.041783844577004,0.106957331317474,0
2019-05-25,26.04916652,88.03833357,0,0.704583341,0.347764639026791,0.118824102106393,0.987811842136038,0.0408191719112638,0.106418619704848,0
2019-05-26,26.16541664,88.08666643,4.8,0.750833335,0.347251726397353,0.331485716202894,0.989357651771714,0.113883957301238,0.0654956579298352,0
2019-05-27,26.20708338,87.30333328,5.8,0.745416662,0.34688199569596,0.368522688279162,0.989815623983676,0.126531977211248,0.0937450354745832,0
2019-05-28,24,93,14.99000168,1,0.344551128123281,0.633875050987877,0.95392853546111,0.208340247143121,0.149585393885202,0
2019-05-29,26.42750009,86.17250061,6,0.602916668,0.344813953755887,0.371425370477451,0.992083180282641,0.127058722434687,0.153976982263019,0
2019-05-30,26,93,6.489999771,1,0.344728857280184,0.400572653714998,0.98744923293128,0.136355830886826,0.157251600154878,0
2019-05-31,25,93,0,1,0.343735169555606,0.126599019806343,0.972942472544856,0.0423390856836155,0.101917879668376,0
2019-06-01,27,85,21.2,1,0.346263214469058,0.744609240274854,0.996706831879037,0.256981708925796,0.145225541832079,0
2019-06-02,27.77208352,79.36250067,0,0.80166666,0.346588830121454,0.121386792800795,0.996830210682593,0.0419379493310812,0.113752914646831,0
2019-06-03,27,92,9.469999313,1,0.34714887418409,0.495718419681208,0.996706831879037,0.171521376288366,0.156813678181748,0
2019-06-04,27,92,7.989998817,1,0.348555326208904,0.450518650760475,0.996706831879037,0.156513546865171,0.123324290828206,0
2019-06-05,26,75,46.5,1,0.347352787437653,0.941126282814122,0.98744923293128,0.322799956296668,0.216944959816735,0
2019-06-06,26,75,1.9,1,0.346130079383731,0.217734056976042,0.98744923293128,0.0744184265704149,0.184577309910751,0
2019-06-07,26.76666665,85.50333405,0,0.812083334,0.346034505306029,0.121661316724712,0.99457581749649,0.0418706608150153,0.146363014560699,0
2019-06-08,27,85,6.750000477,1,0.346031637915554,0.409544226781349,0.996706831879037,0.141248567416867,0.0858458849340991,0
2019-06-09,26.6366667,85.40375042,0,0.906666661,0.347038672654378,0.124150069983342,0.993501785746069,0.0428049007448841,0.0753080429922555,0
2019-06-10,27,87,11.13999844,1,0.348216827806667,0.542272122408614,0.996706831879037,0.188206435006771,0.124086634389507,0
2019-06-11,27,87,2.3,1,0.34832740258573,0.235673722092288,0.996706831879037,0.08182127398304,0.104277536578232,0
2019-06-12,25,87,9.800000191,1,0.346887872014235,0.505278611671595,0.972991289624075,0.170541070061551,0.146856259683787,0
2019-06-13,25,87,1.8,1,0.34562693490011,0.213183731318167,0.972991289624075,0.0716919827578988,0.108018108934163,0
2019-06-14,26,77,14.32999992,1,0.344750163957138,0.619588041065737,0.98744923293128,0.210922196256826,0.151051749692092,0
2019-06-15,27,93,30.1,1,0.344807377747748,0.847586874735897,0.996706831879037,0.291291765451108,0.191301981488611,0
2019-06-16,25,93,9.6,1,0.344796630886335,0.49950642409197,0.972991289624075,0.167576472393625,0.223263478033853,0
2019-06-17,25,94,26.2,1,0.344791093687542,0.808900399001462,0.972991289624075,0.271368879279845,0.243412372374859,0
2019-06-18,25,98,0,2,0.344276857663326,0.152411919774176,0.972980396636793,0.0510541269707591,0.163333159548077,0
2019-06-19,26,75,6.95000124,2,0.343103372852198,0.445290425449723,0.98744923293128,0.150863132559109,0.157762046269904,0
2019-06-20,27,75,6.249998569,2,0.343881666647228,0.421091258815886,0.996706831879037,0.144328694825438,0.115415318118435,0
2019-06-21,28.17999999,84.42333349,0,0.752083328,0.345473066801655,0.120078883173634,0.999229322458607,0.0414520492255508,0.112214625536699,0
2019-06-22,28,75,101.7,2,0.34642238364877,0.998286231471812,1,0.345828695870212,0.1772031466404,0
2019-06-23,27.09375,85.5287501,0,0.922083341,0.347630836601092,0.124555057265706,0.996812014295397,0.0431611415972657,0.143480628897676,0
2019-06-24,27,89,0,2,0.348273759243674,0.152411919774176,0.996540822317969,0.0528974553928208,0.147295764286766,0
2019-06-25,26.30916667,87.31166681,8,0.841666664,0.347755390397655,0.446121824100082,0.990898457010199,0.153729244174588,0.0832626137215583,0
2019-06-26,24,79,8.6,1,0.345395117393161,0.469619452353595,0.95392853546111,0.154731277792429,0.120452659119946,0
2019-06-27,25.44458326,89.02166653,6.2,0.878749994,0.344401850200274,0.386802227985641,0.98001976578511,0.130553728027275,0.146338083331431,0
2019-06-28,26,70,40.5,1,0.341040585350576,0.916621143059286,0.98744923293128,0.308681578493897,0.197988861437867,0
2019-06-29,26,80,1.6,3,0.34076847202708,0.257520869415971,0.98744923293128,0.0866536007073714,0.175296302409514,0
2019-06-30,26,80,31.7,3,0.3428171176936,0.89184182236928,0.98744923293128,0.301901388491255,0.232412189230841,0
