"date","temp","rh","rain","wind","N","D","I","Risk"
2019-03-01,28.75,89,0,1,0.188171668095716,0.126599019806343,0.268941421369995,0.00640681632949666
2019-03-02,29.5,65,0,2,0.233109465350898,0.152411919774176,1.38879438647711e-11,4.93420051386999e-13
2019-03-03,30.25,95,0,1,0.28565364674664,0.126599019806343,0.993307149075715,0.0359214349573581
2019-03-04,31,89,0,1,0.344535135994624,0.126599019806343,0.268941421369995,0.0117306359544674
2019-03-05,30.45,85,0,1,0.343224112615343,0.126599019806343,0.00669285092428486,0.000290816662280551
2019-03-06,30.1,88.22166634,0,0.936249996,0.343361336123637,0.124927042007671,0.144509015300381,0.0061987309832758
2019-03-07,31.85,56,0,2,0.332423212164223,0.152411919774176,1.71390843154201e-15,8.68356162033422e-17
2019-03-08,30.6,98,0,2,0.333130220545666,0.152411919774176,0.999664649869534,0.0507559897104695
2019-03-09,30,90,0,1,0.3337447793871,0.126599019806343,0.5,0.0211258809679455
2019-03-10,31.9,90.54416688,0,0.743333336,0.330708283300194,0.119847873773019,0.632781206717686,0.0250800835444141
2019-03-11,31.25,89.76124986,0,0.75583333,0.339808118749891,0.120177868784025,0.44059438203154,0.0179927358490149
2019-03-12,30.85,90.65500037,7.9,0.682083335,0.339463616830895,0.438132032940344,1,0.148729884551402
2019-03-13,30.75,98,5.7,1,0.338577224914078,0.372467938751187,1,0.126109161071843
2019-03-14,30.4,81,0,1,0.341326101909606,0.126599019806343,0.000123394575986232,5.33207088206997e-06
2019-03-15,31.45,80,0,1.5,0.340879290136139,0.13960226635021,4.53978687024344e-05,2.16037205088182e-06
2019-03-16,30.2,89.94125017,0,0.777500006,0.341779192349067,0.120749567593344,0.485316765574407,0.0200288723159076
2019-03-17,29.6,98,0,1,0.343094676523126,0.126599019806343,0.999664649869534,0.043420883664862
2019-03-18,29.9,92,0,1,0.343662812010461,0.126599019806343,0.880797077977882,0.038321168897689
2019-03-19,29.25,90,0,2,0.346440579066887,0.152411919774176,0.5,0.0264008368716307
2019-03-20,29.9,85,0,2,0.346738205904413,0.152411919774176,0.00669285092428486,0.000353697331201358
2019-03-21,31.35,87,0,1,0.34434119454129,0.126599019806343,0.0474258731775668,0.00206744831145055
2019-03-22,32.25,98,0,2,0.339999175352982,0.152411919774176,0.999664649869534,0.051802549217892
2019-03-23,31.25,94,0,2,0.337684794359276,0.152411919774176,0.982013790037908,0.0505414881411525
2019-03-24,31.3,93.61499977,0,0.835833328,0.335773424457695,0.122286909984437,0.973788599072748,0.0399844362050992
2019-03-25,31.75,91,0,1,0.334909303291489,0.126599019806343,0.731058578630005,0.0309962912260873
2019-03-26,31.1,90.78791587,0,1.018333328,0.337543464942783,0.127079258128099,0.687383652369685,0.029485165808551
2019-03-27,32,90.78166739,0,1.027500007,0.335839085572093,0.127319278650715,0.686039363351358,0.0293342131500588
2019-03-28,31,90.8149999,0,1.056666662,0.336415574430001,0.128082540001053,0.693173928057568,0.0298681445386893
2019-03-29,30.25,91,0,1,0.339008077213413,0.126599019806343,0.731058578630005,0.031375638078818
2019-03-30,31.7,99,0.4,2,0.337762723880979,0.172842798576357,1,0.0583798544503618
2019-03-31,27,93.8620828,6.4,0.786249994,0.341992654278222,0.391065162004683,1,0.133741412749724
2019-04-01,26.35,92,15.1,1,0.343764153871266,0.636203457087557,1,0.218703943115678
2019-04-02,30.1,85,0,1,0.343934265957201,0.126599019806343,0.00669285092428486,0.000291418381148764
2019-04-03,30.6,90,0,2,0.345905792424179,0.152411919774176,0.5,0.0263600829421884
2019-04-04,27.4,90,0,1,0.346066185131215,0.126599019806343,0.5,0.0219058199128661
2019-04-05,31,90,0,1,0.344275388118871,0.126599019806343,0.5,0.0217924633396486
2019-04-06,30.55,91,0,1,0.343729742260754,0.126599019806343,0.731058578630005,0.0318126343146378
2019-04-07,31.9,89.21166643,0,0.778333332,0.341160849134704,0.12077154838596,0.312526596203355,0.0128768845802905
2019-04-08,32.3,89,0,1,0.335988594086696,0.126599019806343,0.268941421369995,0.0114396456857911
2019-04-09,33,91.52333291,0,0.728333328,0.330588584402318,0.119451715976114,0.821028744314284,0.0324219108936135
2019-04-10,33.15,90,0,1,0.324032143303104,0.126599019806343,0.5,0.0205110758639606
2019-04-11,33.25,80,0,1,0.319594757095264,0.126599019806343,4.53978687024344e-05,1.83681515433544e-06
2019-04-12,33,91,0,1,0.31730081741517,0.126599019806343,0.731058578630005,0.0293666029764367
2019-04-13,32.5,92,0,2,0.319079871213969,0.152411919774176,0.880797077977882,0.0428345498031023
2019-04-14,32.65,85,0,2,0.320940703767999,0.152411919774176,0.00669285092428486,0.000327382066537888
2019-04-15,31.5,94,0,1,0.326341395613922,0.126599019806343,0.982013790037908,0.0405714095209636
2019-04-16,32.3,50,0,1,0.301462201102458,0.126599019806343,4.24835425529159e-18,1.621376719158e-19
2019-04-17,32.2,80,7.2,1,0.3024496681986,0.424755732677753,1,0.128467230413839
2019-04-18,32.2,99,0,2,0.303878379498835,0.152411919774176,0.999876605424014,0.0463089722160945
2019-04-19,33.5,95.91875045,0,0.623749999,0.297736161928189,0.116684657296224,0.997318651394071,0.0346480886384272
2019-04-20,33.3,92.65749995,0,0.709999997,0.320694129049735,0.118967281274225,0.934471743937797,0.0356520675084828
2019-04-21,34.25,93.50166702,0,0.86791666,0.311548712595919,0.123131302369462,0.970735163809587,0.0372387586834949
2019-04-22,33.45,96,0,2,0.307182272775841,0.152411919774176,0.997527376843365,0.0467024760501955
2019-04-23,33.5,100,0,3,0.30720571371327,0.177461933255895,0.999954602131298,0.0545148448926847
2019-04-24,34.45,95,0,2.5,0.30059395121957,0.165030862304302,0.993307149075715,0.0492752648502958
2019-04-25,35.25,95.17541631,0,1.004999995,0.29092488447291,0.126730019997111,0.99437792378245,0.0366616365686986
2019-04-26,33.2,85,0,2,0.292125035906749,0.152411919774176,0.00669285092428486,0.000297988060784399
2019-04-27,33.95,87,1.7,1,0.28991710456743,0.208606937086814,1,0.0604787191928892
2019-04-28,32.75,85,31.4,1,0.298457372660931,0.858656264608414,1,0.256272292753876
2019-04-29,30.3,96,0,1,0.320752903676932,0.126599019806343,0.997527376843365,0.0405065973890903
2019-04-30,32.5,98,0,1,0.32328910619511,0.126599019806343,0.999664649869534,0.0409143587200744
2019-05-01,32.25,90,0,1,0.330378596160295,0.126599019806343,0.5,0.0209128032194445
2019-05-02,32.85,80,33,1,0.329933069564802,0.871182746129008,1,0.287431997582237
2019-05-03,30.65,89,0,1,0.329622367930227,0.126599019806343,0.268941421369995,0.0112228901980532
2019-05-04,32.45,90,0.2,1,0.329738146770647,0.136671935315927,0.5,0.0225329753333158
2019-05-05,28.7,85.97666613,0.5,0.758333325,0.334741662541346,0.145080541780414,1,0.048564501757975
2019-05-06,29.9,91,0,1,0.340961363434526,0.126599019806343,0.731058578630005,0.0315564172568297
2019-05-07,30.25,80,0,2,0.341486088610061,0.152411919774176,4.53978687024344e-05,2.36280245880597e-06
2019-05-08,29.3,70,31.5,1,0.346659162924466,0.859473685461709,1,0.297944428357762
2019-05-09,28.35,75,4,1,0.346734223149061,0.307440078663182,1,0.106599996840165
2019-05-10,28.5,98,21.5,1,0.347532403580379,0.749014601702939,1,0.260306844846622
2019-05-11,28.25,88.19166692,14.5,0.814166665,0.348733816665162,0.618140204615238,1,0.215566392789656
2019-05-12,29.25,90,0,2,0.348897707278374,0.152411919774176,0.5,0.0265880846855528
2019-05-13,30.15,90,0,1,0.347832818459934,0.126599019806343,0.5,0.0220176469367526
2019-05-14,25.37999998,60,6.7,1,0.343773153467724,0.407829403387652,1,0.140200800079433
2019-05-15,26.12125007,63,0,1,0.341984661849464,0.126599019806343,1.87952881653555e-12,8.13740553486157e-14
2019-05-16,26.12000004,69,0,1,0.341530172234148,0.126599019806343,7.58256042216239e-10,3.27850084555537e-11
2019-05-17,26.2479167,81,0,1,0.342079461508062,0.126599019806343,0.000123394575986232,5.34383958875891e-06
2019-05-18,26.56749988,77.75958331,0,1.195000005,0.345680134686367,0.131693499788344,4.83117175094161e-06,2.19933425761115e-07
2019-05-19,27.03499993,80.05999994,0,0.917500004,0.347326572842246,0.124434675213698,4.82049779080451e-05,2.08339356206696e-06
2019-05-20,27.84374992,90,0,1,0.348190365126501,0.126599019806343,0.5,0.0220402794655138
2019-05-21,27.48125013,84.19583384,37.8,0.842083327,0.348721918693161,0.900252697356891,1,0.313937847930989
2019-05-22,27.25208314,85.99208323,0,0.822499998,0.349015387614395,0.121935754609827,0.0178469106719943,0.000759519091730233
2019-05-23,26.94499993,84.98500029,17.7,0.759583329,0.348980776341523,0.680814196707969,1,0.237591066911477
2019-05-24,26.4574999,86.544583,0,0.782916665,0.348521292688976,0.12089243397819,0.0306077228178388,0.00128961316343183
2019-05-25,26.04916652,88.03833357,0,0.704583341,0.347851785878938,0.118824102106393,0.123286814750073,0.00509583562772938
2019-05-26,26.16541664,88.08666643,4.8,0.750833335,0.347327689943912,0.331485716202894,1,0.115134168058154
2019-05-27,26.20708338,87.30333328,5.8,0.745416662,0.346942294729342,0.368522688279162,1,0.127856107131398
2019-05-28,24,93,14.99000168,1,0.344594151485288,0.633875050987877,1,0.218429635342861
2019-05-29,26.42750009,86.17250061,6,0.602916668,0.344866741858901,0.371425370477451,1,0.128092257360294
2019-05-30,26,93,6.489999771,1,0.344771886419542,0.400572653714998,1,0.138106189469402
2019-05-31,25,93,0,1,0.343765298494692,0.126599019806343,0.952574126822433,0.0414563592410461
2019-06-01,27,85,21.2,1,0.346322528146344,0.744609240274854,1,0.257874954573116
2019-06-02,27.77208352,79.36250067,0,0.80166666,0.346799972565774,0.121386792800795,2.3998401627469e-05,1.01025918732911e-06
2019-06-03,27,92,9.469999313,1,0.347358547027972,0.495718419681208,1,0.172192029995467
2019-06-04,27,92,7.989998817,1,0.348764346999208,0.450518650760475,1,0.157124843043441
2019-06-05,26,75,46.5,1,0.348161818837928,0.941126282814122,1,0.327664238380743
2019-06-06,26,75,1.9,1,0.347392917615262,0.217734056976042,1,0.0756392693171148
2019-06-07,26.76666665,85.50333405,0,0.812083334,0.347305208625056,0.121661316724712,0.0110232303134042,0.000465771263432648
2019-06-08,27,85,6.750000477,1,0.347317516229751,0.409544226781349,1,0.142241883631932
2019-06-09,26.6366667,85.40375042,0,0.906666661,0.347736803629587,0.124150069983342,0.00998882186337591,0.000431232907596492
2019-06-10,27,87,11.13999844,1,0.348320457448209,0.542272122408614,1,0.18888447373878
2019-06-11,27,87,2.3,1,0.348421182025926,0.235673722092288,1,0.0821137168238443
2019-06-12,25,87,9.800000191,1,0.346966969802135,0.505278611671595,1,0.175314988797523
2019-06-13,25,87,1.8,1,0.345695146988035,0.213183731318167,1,0.0736965813334915
2019-06-14,26,77,14.32999992,1,0.345148117610213,0.619588041065737,1,0.213849646067639
2019-06-15,27,93,30.1,1,0.345186281221716,0.847586874735897,1,0.29257536130242
2019-06-16,25,93,9.6,1,0.345157667653388,0.49950642409197,1,0.172408472317468
2019-06-17,25,94,26.2,1,0.345134389866223,0.808900399001462,1,0.279179345671914
2019-06-18,25,98,0,2,0.344285123607331,0.152411919774176,0.999664649869534,0.0524555597587581
2019-06-19,26,75,6.95000124,2,0.343736749634855,0.445290425449723,1,0.153062683487609
2019-06-20,27,75,6.249998569,2,0.345139567982369,0.421091258815886,1,0.145335255148867
2019-06-21,28.17999999,84.42333349,0,0.752083328,0.34675506798973,0.120078883173634,0.00377088888570742,0.000157012125485932
2019-06-22,28,75,101.7,2,0.348332977037834,0.998286231471812,1,0.347736014944456
2019-06-23,27.09375,85.5287501,0,0.922083341,0.348944525315204,0.124555057265706,0.0113037804765231,0.000491294010380233
2019-06-24,27,89,0,2,0.34897249692554,0.152411919774176,0.268941421369995,0.014304340192215
2019-06-25,26.30916667,87.31166681,8,0.841666664,0.348426099364073,0.446121824100082,1,0.155440487012377
2019-06-26,24,79,8.6,1,0.345632104996318,0.469619452353595,1,0.162315559864191
2019-06-27,25.44458326,89.02166653,6.2,0.878749994,0.344618858631111,0.386802227985641,1,0.133299342324382
2019-06-28,26,70,40.5,1,0.343951968900016,0.916621143059286,1,0.315273646890624
2019-06-29,26,80,1.6,3,0.343767534948336,0.257520869415971,1,0.0885273144768806
2019-06-30,26,80,31.7,3,0.345758550479351,0.89184182236928,1,0.308361935759265
