"lag_days","kappa","beta","s0","SSE","convergence"
0,0.143561857971774,1.38308223244904,0,176.77592210508,0
1,0.126971329649683,1.17397093452937,0,159.718444219175,0
2,0.109441088449594,1.00795642369524,0,140.772000894313,0
3,0.108133244404986,0.951436669401559,0,66.1580545758545,0
4,0.105316051999973,0.930639740320441,0.00209446127442972,65.7369615210325,0
5,0.107176924840779,0.942161155827172,0.00620131790000983,68.2506269467223,0
6,0.127740110479281,1.09368255059235,0.0168110058622955,69.0517884166354,0
7,0.20348091210837,1.48413097617925,0.0257820455807156,15.3321710522888,0
8,0.0975856047490843,0.779430022982049,0.0236712066257937,132.215136453817,0
9,0.0239423227112584,0.1,0.0157580226097823,142.210257125622,0
10,0.0245698927745013,0.1,0.0231064328248535,138.855542560261,0
11,0.0247840377469496,0.1,0.0343036044909725,147.007635898295,0
12,0.0256589993894538,0.1,0.0371288745441062,129.668173826143,0
13,0.0255702024638516,0.1,0.049058592589065,162.694480724025,0
14,0.0257775117937367,0.1,0.0610375573313463,188.051352209956,0
15,0.0332025373636696,0.1857659049323,0.066920401290205,174.516186548628,0
16,0.0269181509127635,0.1,0.0714232884050417,173.847017698643,0
17,0.0279418781310332,0.1,0.0760275908586434,170.64747255623,0
18,0.0285756362917058,0.1,0.0835974447447928,171.19039834654,0
19,0.0298157325136887,0.1,0.0853887105234796,163.434568396047,0
20,0.0300754081047411,0.1,0.0935843314305247,166.057892733036,0
21,0.0306798459124527,0.1,0.102474120839975,174.480007609434,0
